{"data": [0.260057436958873, 0.3154044527706874, 0.272850773811343, 0.3969950402300635, 0.3279301859456091, 0.5903922796070686, 0.3804422469234113], "indices": [8383, 14770, 8538, 5076, 6110, 12649, 10881], "indptr": [0, 7], "shape": [1, 17334]}